{"name":"e7cae680-9bc7-47bf-96e9-1043283d4df7","id":"/providers/Microsoft.Flow/flows/e7cae680-9bc7-47bf-96e9-1043283d4df7","type":"Microsoft.Flow/flows","properties":{"apiId":"/providers/Microsoft.PowerApps/apis/shared_logicflows","displayName":"Happy Birthday Email","definition":{"$schema":"https://schema.management.azure.com/providers/Microsoft.Logic/schemas/2016-06-01/workflowdefinition.json#","contentVersion":"1.0.0.0","parameters":{"$connections":{"defaultValue":{},"type":"Object"},"$authentication":{"defaultValue":{},"type":"SecureObject"}},"triggers":{"Recurrence":{"recurrence":{"frequency":"Day","interval":1},"type":"Recurrence"}},"actions":{"Get_items":{"runAfter":{},"metadata":{"flowSystemMetadata":{"swaggerOperationId":"GetItems"}},"type":"ApiConnection","inputs":{"host":{"api":{"runtimeUrl":"https://australia-001.azure-apim.net/apim/sharepointonline"},"connection":{"name":"@parameters('$connections')['shared_sharepointonline_1']['connectionId']"}},"method":"get","path":"/datasets/@{encodeURIComponent(encodeURIComponent('https://hubone.sharepoint.com/sites/pAutomation'))}/tables/@{encodeURIComponent(encodeURIComponent('8ff8178d-97ed-4707-9fbc-14d045bf6039'))}/items","authentication":"@parameters('$authentication')"}},"Apply_to_each":{"foreach":"@body('Get_items')?['value']","actions":{"Condition":{"actions":{"Send_an_email":{"runAfter":{},"metadata":{"flowSystemMetadata":{"swaggerOperationId":"SendEmail"}},"type":"ApiConnection","inputs":{"host":{"api":{"runtimeUrl":"https://australia-001.azure-apim.net/apim/office365"},"connection":{"name":"@parameters('$connections')['shared_office365']['connectionId']"}},"method":"post","body":{"To":"nick@hubone.com;","Subject":"It's @{items('Apply_to_each')?['Title']} @{items('Apply_to_each')?['LastName']}'s Birthday","Body":"Dear Nick,\n\nPlease wish @{items('Apply_to_each')?['Title']} @{items('Apply_to_each')?['LastName']} a happy birthday today."},"path":"/Mail","authentication":"@parameters('$authentication')"}}},"runAfter":{},"expression":"@equals(dayOfYear(items('Apply_to_each')?['BirthDate']), dayOfYear(utcNow()))","type":"If"}},"runAfter":{"Get_items":["Succeeded"]},"type":"Foreach"}},"outputs":{}},"connectionReferences":{"shared_sharepointonline_1":{"connectionName":"60d0ae02dc544b9d9b6f4b88ddadb8d9","source":"Embedded","id":"/providers/Microsoft.PowerApps/apis/shared_sharepointonline","tier":"NotSpecified"},"shared_office365":{"connectionName":"shared-office365-284be866-6a2c-4cd6-8fc4-6a3f9a115261","source":"Embedded","id":"/providers/Microsoft.PowerApps/apis/shared_office365","tier":"NotSpecified"}},"flowFailureAlertSubscribed":false}}