{"name":"7fcfd325-cec0-49a3-9aea-7b492ef802bf","id":"/providers/Microsoft.Flow/flows/7fcfd325-cec0-49a3-9aea-7b492ef802bf","type":"Microsoft.Flow/flows","properties":{"apiId":"/providers/Microsoft.PowerApps/apis/shared_logicflows","displayName":"When a new response is submitted -> Apply to each,Copy file","definition":{"$schema":"https://schema.management.azure.com/providers/Microsoft.Logic/schemas/2016-06-01/workflowdefinition.json#","contentVersion":"1.0.0.0","parameters":{"$connections":{"defaultValue":{},"type":"Object"},"$authentication":{"defaultValue":{},"type":"SecureObject"}},"triggers":{"When_a_new_response_is_submitted":{"metadata":{"flowSystemMetadata":{"swaggerOperationId":"CreateFormWebhook"}},"type":"ApiConnectionWebhook","inputs":{"host":{"api":{"runtimeUrl":"https://australia-001.azure-apim.net/apim/microsoftforms"},"connection":{"name":"@parameters('$connections')['shared_microsoftforms']['connectionId']"}},"body":{"eventType":"responseAdded","notificationUrl":"@{listCallbackUrl()}","source":"ms-connector"},"path":"/formapi/api/forms/@{encodeURIComponent('A8ATlVdVQUOtKjEaapv8AFPjH5doy-BLoCzLo8I-G6xUOE9QRkRMQTY5ODkxVUkxUkg5WFZTR0M3US4u')}/webhooks","authentication":"@parameters('$authentication')"}}},"actions":{"Apply_to_each":{"foreach":"@triggerBody()?['value']","actions":{"Get_response_details":{"runAfter":{},"metadata":{"flowSystemMetadata":{"swaggerOperationId":"GetFormResponseById"}},"type":"ApiConnection","inputs":{"host":{"api":{"runtimeUrl":"https://australia-001.azure-apim.net/apim/microsoftforms"},"connection":{"name":"@parameters('$connections')['shared_microsoftforms']['connectionId']"}},"method":"get","path":"/formapi/api/forms('@{encodeURIComponent('A8ATlVdVQUOtKjEaapv8AFPjH5doy-BLoCzLo8I-G6xUOE9QRkRMQTY5ODkxVUkxUkg5WFZTR0M3US4u')}')/responses","queries":{"response_id":"@items('Apply_to_each')?['resourceData']?['responseId']"},"authentication":"@parameters('$authentication')"}},"Copy_file":{"runAfter":{"Get_response_details":["Succeeded"]},"metadata":{"flowSystemMetadata":{"swaggerOperationId":"CopyFile"}},"type":"ApiConnection","inputs":{"host":{"api":{"runtimeUrl":"https://australia-001.azure-apim.net/apim/sharepointonline"},"connection":{"name":"@parameters('$connections')['shared_sharepointonline']['connectionId']"}},"method":"post","path":"/datasets/@{encodeURIComponent(encodeURIComponent('https://hubone.sharepoint.com/sites/PAutomation'))}/copyFile","queries":{"source":"/Shared Documents/NewCompanySetupCheckListV1.docx","destination":"/Shared Documents/@{body('Get_response_details')?['r565d22c415a34f41bc16dfacb00d7d09']}.docx","overwrite":true,"queryParametersSingleEncoded":true},"authentication":"@parameters('$authentication')"}},"Update_file_properties":{"runAfter":{"Get_file_metadata_using_path":["Succeeded"]},"metadata":{"flowSystemMetadata":{"swaggerOperationId":"PatchFileItem"}},"type":"ApiConnection","inputs":{"host":{"api":{"runtimeUrl":"https://australia-001.azure-apim.net/apim/sharepointonline"},"connection":{"name":"@parameters('$connections')['shared_sharepointonline']['connectionId']"}},"method":"patch","body":{"CompanyName":"@body('Get_response_details')?['r565d22c415a34f41bc16dfacb00d7d09']","CompanyAddress":"@body('Get_response_details')?['r77625db64a68400b8373b17a4a5f863d']","Telephone":"@body('Get_response_details')?['r4a1803960fe248acbbc3e11f740f2b0a']","Entity":"@body('Get_response_details')?['r8cdfaccd98694062a2efd2bec751badc']","Email":"@body('Get_response_details')?['r053b7dd6eea94f8a8ef78ce355f8668c']"},"path":"/datasets/@{encodeURIComponent(encodeURIComponent('https://hubone.sharepoint.com/sites/PAutomation'))}/tables/@{encodeURIComponent(encodeURIComponent('66c8aa4b-e1bc-4dcf-a976-a3d4deddb87d'))}/items/@{encodeURIComponent(body('Get_file_metadata_using_path')?['ItemId'])}/patchfileitem","authentication":"@parameters('$authentication')"}},"Get_file_metadata_using_path":{"runAfter":{"Copy_file":["Succeeded"]},"metadata":{"flowSystemMetadata":{"swaggerOperationId":"GetFileMetadataByPath"}},"type":"ApiConnection","inputs":{"host":{"api":{"runtimeUrl":"https://australia-001.azure-apim.net/apim/sharepointonline"},"connection":{"name":"@parameters('$connections')['shared_sharepointonline']['connectionId']"}},"method":"get","path":"/datasets/@{encodeURIComponent(encodeURIComponent('https://hubone.sharepoint.com/sites/PAutomation'))}/GetFileByPath","queries":{"path":"@body('Copy_file')?['Path']","queryParametersSingleEncoded":true},"authentication":"@parameters('$authentication')"}}},"runAfter":{},"type":"Foreach"}},"outputs":{}},"connectionReferences":{"shared_microsoftforms":{"connectionName":"shared-microsoftform-bc1cfde3-4199-4b5f-a6ba-125b572bf6a8","source":"Embedded","id":"/providers/Microsoft.PowerApps/apis/shared_microsoftforms","tier":"NotSpecified"},"shared_sharepointonline":{"connectionName":"60d0ae02dc544b9d9b6f4b88ddadb8d9","source":"Embedded","id":"/providers/Microsoft.PowerApps/apis/shared_sharepointonline","tier":"NotSpecified"}},"flowFailureAlertSubscribed":false}}