{"name":"b55ba0c0-ec3d-4a84-b768-c95a4d89a952","id":"/providers/Microsoft.Flow/flows/b55ba0c0-ec3d-4a84-b768-c95a4d89a952","type":"Microsoft.Flow/flows","properties":{"apiId":"/providers/Microsoft.PowerApps/apis/shared_logicflows","displayName":"Create a task when an email is flagged","definition":{"$schema":"https://schema.management.azure.com/providers/Microsoft.Logic/schemas/2016-06-01/workflowdefinition.json#","contentVersion":"1.0.0.0","parameters":{"$connections":{"defaultValue":{},"type":"Object"},"$authentication":{"defaultValue":{},"type":"SecureObject"}},"triggers":{"When_an_email_is_flagged":{"recurrence":{"interval":1,"frequency":"Minute"},"splitOn":"@triggerBody()?.value","metadata":{"flowSystemMetadata":{"swaggerOperationId":"OnFlaggedEmail"}},"type":"ApiConnection","inputs":{"host":{"api":{"runtimeUrl":"https://australia-001.azure-apim.net/apim/office365"},"connection":{"name":"@parameters('$connections')['shared_office365']['connectionId']"}},"method":"get","path":"/Mail/OnFlaggedEmail","queries":{"folderPath":"Inbox","importance":"Any"},"authentication":"@parameters('$authentication')"}}},"actions":{"Add_a_to-do":{"runAfter":{},"metadata":{"flowSystemMetadata":{"swaggerOperationId":"CreateToDo"}},"type":"ApiConnection","inputs":{"host":{"api":{"runtimeUrl":"https://australia-001.azure-apim.net/apim/todo"},"connection":{"name":"@parameters('$connections')['shared_todo_1']['connectionId']"}},"method":"post","body":{"Subject":"@{triggerBody()?['From']}: @{triggerBody()?['Subject']}","StartDateTime":{"DateTime":"@triggerBody()?['DateTimeReceived']","TimeZone":"UTC"},"Status":"NotStarted","Body":{"Content":"@triggerBody()?['Body']","ContentType":"HTML"},"DueDateTime":{"TimeZone":"UTC"},"ReminderDateTime":{"TimeZone":"UTC"}},"path":"/tasks","queries":{"folderId":"AAMkADcxZDA2ZDUxLTU2YjEtNGU1NS1iMzFiLTg2MmM0ZTcyNWQ3OQAuAAAAAAAFBc84A2esR5IdcMTyQ07vAQDczgbtZEF0TrwjbH84QJE7AAAAIzjgAAA="},"authentication":"@parameters('$authentication')"}}},"outputs":{},"description":"Whenever you flag an email in your Office 365 Outlook inbox, a new task will be created in your Outlook Tasks."},"connectionReferences":{"shared_todo_1":{"connectionName":"shared-todo-9ab6c01e-d80b-45c0-a2f1-2a812de9b862","source":"Embedded","id":"/providers/Microsoft.PowerApps/apis/shared_todo","tier":"NotSpecified"},"shared_office365":{"connectionName":"shared-office365-284be866-6a2c-4cd6-8fc4-6a3f9a115261","source":"Embedded","id":"/providers/Microsoft.PowerApps/apis/shared_office365","tier":"NotSpecified"}},"flowFailureAlertSubscribed":false}}