{"name":"dcb4558a-54df-440c-afd5-897c6d59cba9","id":"/providers/Microsoft.Flow/flows/dcb4558a-54df-440c-afd5-897c6d59cba9","type":"Microsoft.Flow/flows","properties":{"apiId":"/providers/Microsoft.PowerApps/apis/shared_logicflows","displayName":"Request manager approval for a selected item","definition":{"$schema":"https://schema.management.azure.com/providers/Microsoft.Logic/schemas/2016-06-01/workflowdefinition.json#","contentVersion":"1.0.0.0","parameters":{"$connections":{"defaultValue":{},"type":"Object"},"$authentication":{"defaultValue":{},"type":"SecureObject"},"sharepoint.site":{"defaultValue":"","type":"String"},"sharepoint.list":{"defaultValue":"","type":"String"}},"triggers":{"manual":{"splitOn":"@triggerBody()['rows']","type":"Request","kind":"ApiConnection","inputs":{"schema":{"type":"object","properties":{"rows":{"type":"array","items":{"type":"object","properties":{"text":{"type":"string","x-ms-dynamically-added":true,"description":"Message to manager","x-ms-content-hint":"TEXT","title":"Message"},"entity":{"type":"object","required":["entity.ID"],"properties":{"ID":{"type":"integer","isEntityParameter":true}}}},"required":["text"]}}}},"host":{"api":{"runtimeUrl":"https://australia-001.azure-apim.net/apim/sharepointonline"},"connection":{"name":"@parameters('$connections')['shared_sharepointonline']['connectionId']"}},"operationId":"GetOnNewItems","parameters":{"connectionId":"","dataset":"https://hubone.sharepoint.com/sites/PAutomation","table":"66c8aa4b-e1bc-4dcf-a976-a3d4deddb87d"}}}},"actions":{"Get_item":{"runAfter":{},"metadata":{"flowSystemMetadata":{"swaggerOperationId":"GetItem"}},"type":"ApiConnection","inputs":{"host":{"api":{"runtimeUrl":"https://australia-001.azure-apim.net/apim/sharepointonline"},"connection":{"name":"@json(decodeBase64(triggerOutputs().headers['X-MS-APIM-Tokens']))['$connections']['shared_sharepointonline']['connectionId']"}},"method":"get","path":"/datasets/@{encodeURIComponent(encodeURIComponent('https://hubone.sharepoint.com/sites/PAutomation'))}/tables/@{encodeURIComponent(encodeURIComponent('66c8aa4b-e1bc-4dcf-a976-a3d4deddb87d'))}/items/@{encodeURIComponent(triggerBody()?['entity']?['ID'])}","authentication":{"type":"Raw","value":"@json(decodeBase64(triggerOutputs().headers['X-MS-APIM-Tokens']))['$ConnectionKey']"}}},"Get_my_profile":{"runAfter":{"Get_item":["Succeeded"]},"metadata":{"flowSystemMetadata":{"swaggerOperationId":"MyProfile"}},"type":"ApiConnection","inputs":{"host":{"api":{"runtimeUrl":"https://australia-001.azure-apim.net/apim/office365users"},"connection":{"name":"@json(decodeBase64(triggerOutputs().headers['X-MS-APIM-Tokens']))['$connections']['shared_office365users']['connectionId']"}},"method":"get","path":"/users/me","authentication":{"type":"Raw","value":"@json(decodeBase64(triggerOutputs().headers['X-MS-APIM-Tokens']))['$ConnectionKey']"}}},"Send_me_an_email_notification":{"runAfter":{"Get_my_profile":["Succeeded"]},"metadata":{"flowSystemMetadata":{"swaggerOperationId":"SendEmailNotification"}},"type":"ApiConnection","inputs":{"host":{"api":{"runtimeUrl":"https://australia-001.azure-apim.net/apim/flowpush"},"connection":{"name":"@json(decodeBase64(triggerOutputs().headers['X-MS-APIM-Tokens']))['$connections']['shared_flowpush']['connectionId']"}},"method":"post","body":{"notificationSubject":"'Get manager' action failed in flow 'Request manager approval'","notificationBody":"An error ocurred in retrieving manager information.\nIt's possible your AAD profile is missing manager details.  <br/>Please see the link below to update your profile. <br/>\nhttps://docs.microsoft.com/en-us/azure/active-directory/active-directory-users-profile-azure-portal\n"},"path":"/sendEmailNotification","authentication":{"type":"Raw","value":"@json(decodeBase64(triggerOutputs().headers['X-MS-APIM-Tokens']))['$ConnectionKey']"}}},"Terminate":{"runAfter":{"Send_me_an_email_notification":["Succeeded"]},"type":"Terminate","inputs":{"runStatus":"Succeeded"}},"Start_an_approval":{"runAfter":{"Get_my_profile":["Succeeded"]},"metadata":{"flowSystemMetadata":{"swaggerOperationId":"approvalSubscribeV2"}},"type":"ApiConnectionWebhook","inputs":{"host":{"api":{"runtimeUrl":"https://australia-001.azure-apim.net/apim/approvals"},"connection":{"name":"@json(decodeBase64(triggerOutputs().headers['X-MS-APIM-Tokens']))['$connections']['shared_approvals']['connectionId']"}},"body":{"notificationUrl":"@{listCallbackUrl()}","title":"Approval request: @{body('Get_item')?['{Name}']}","assignedTo":"@{body('Get_item')?['Author']?['Email']};","details":"@triggerBody()['text']","itemLink":"@{replace(body('Get_item')?['{Link}'],' ','%20')}","itemLinkDescription":"@body('Get_item')?['{Name}']"},"path":"/types/basic/$subscriptions","authentication":{"type":"Raw","value":"@json(decodeBase64(triggerOutputs().headers['X-MS-APIM-Tokens']))['$ConnectionKey']"}}},"Condition":{"actions":{"Inform_requestor_of_approval":{"runAfter":{},"metadata":{"flowSystemMetadata":{"swaggerOperationId":"SendEmail"}},"type":"ApiConnection","inputs":{"host":{"api":{"runtimeUrl":"https://australia-001.azure-apim.net/apim/sendmail"},"connection":{"name":"@json(decodeBase64(triggerOutputs().headers['X-MS-APIM-Tokens']))['$connections']['shared_sendmail']['connectionId']"}},"method":"post","body":{"to":"@{body('Get_my_profile')?['Mail']};","subject":"Approved: @{body('Get_item')?['{Name}']}","text":"@{body('Start_an_approval')?['responder']?['displayName']} has approved your request for <a href=\"@{body('Get_item')?['{Link}']}\">@{body('Get_item')?['{Name}']}</a>\n<br>Comments: @{body('Start_an_approval')?['comments']}","ishtml":true},"path":"/mail/send","authentication":{"type":"Raw","value":"@json(decodeBase64(triggerOutputs().headers['X-MS-APIM-Tokens']))['$ConnectionKey']"}}}},"runAfter":{"Start_an_approval":["Succeeded"]},"else":{"actions":{"Inform_request_of_rejection":{"runAfter":{},"metadata":{"flowSystemMetadata":{"swaggerOperationId":"SendEmail"}},"type":"ApiConnection","inputs":{"host":{"api":{"runtimeUrl":"https://australia-001.azure-apim.net/apim/sendmail"},"connection":{"name":"@json(decodeBase64(triggerOutputs().headers['X-MS-APIM-Tokens']))['$connections']['shared_sendmail']['connectionId']"}},"method":"post","body":{"to":"@{body('Get_my_profile')?['Mail']};","subject":"Not approved: @{body('Get_item')?['{Name}']}","text":"@{body('Start_an_approval')?['responder']?['displayName']} did not approve your request for <a href=\"@{body('Get_item')?['{Link}']}\">@{body('Get_item')?['{Name}']}</a>\n<br>Comments: @{body('Start_an_approval')?['comments']}","ishtml":true},"path":"/mail/send","authentication":{"type":"Raw","value":"@json(decodeBase64(triggerOutputs().headers['X-MS-APIM-Tokens']))['$ConnectionKey']"}}}}},"expression":"@equals(body('Start_an_approval')?['response'], 'Approve')","type":"If"}},"outputs":{},"description":"This flow will send an approval request to your manager for the selected item. Your manager can view and approve the request in the Approvals Center. To run this flow, select an item and choose this flow from the Flow menu."},"connectionReferences":{"shared_sharepointonline":{"connectionName":"60d0ae02dc544b9d9b6f4b88ddadb8d9","source":"Invoker","id":"/providers/Microsoft.PowerApps/apis/shared_sharepointonline","tier":"NotSpecified"},"shared_office365users":{"connectionName":"shared-office365user-f0286e00-79be-4f7a-ae70-e9b96876e98e","source":"Invoker","id":"/providers/Microsoft.PowerApps/apis/shared_office365users","tier":"NotSpecified"},"shared_flowpush":{"connectionName":"shared-flowpush-7ae3c518-c9b5-4d72-a1f6-8a1a1bbf99ad","source":"Invoker","id":"/providers/Microsoft.PowerApps/apis/shared_flowpush","tier":"NotSpecified"},"shared_approvals":{"connectionName":"shared-approvals-aa546adf-518c-4a9f-a188-d27bba69681c","source":"Invoker","id":"/providers/Microsoft.PowerApps/apis/shared_approvals","tier":"NotSpecified"},"shared_sendmail":{"connectionName":"shared-sendmail-5042955b-ba0f-4883-a500-f90c8e80f6b5","source":"Invoker","id":"/providers/Microsoft.PowerApps/apis/shared_sendmail","tier":"NotSpecified"}},"flowFailureAlertSubscribed":false}}